100;Carter;Fulton
101;Galvin;Hickman
102;Steel;Gallegos
103;Andrew;Franklin
104;Cain;Dawson
105;Allistair;Adkins
106;Aaron;Byers
107;Anthony;Farmer
108;Austin;Brady
109;Cain;Long
110;Neville;Lee
111;Isaiah;Oliver
112;Elijah;Dotson
113;Preston;Lawson
114;Todd;Scott
115;Lars;Spence
116;Dominic;Cantrell
117;Vaughan;Wiley
118;Tiger;Bradley
119;Castor;Drake
120;Ryan;Ferguson
121;Jackson;Paul
122;Kieran;Wynn
123;John;Mcdonald
124;Abdul;Hays
125;Chancellor;Hooper
126;Barrett;Walker
127;Preston;Patrick
128;Jason;Diaz
129;Owen;Calderon
130;Jakeem;Santana
131;Alan;Brooks
132;Hashim;Martinez
133;Ciaran;Santos
134;Sylvester;Sexton
135;Lee;Alston
136;Abbot;Mooney
137;Seth;Morrison
138;Kyle;Roth
139;Dennis;Clayton
140;Otto;Finley
141;Giacomo;Bolton
142;Quinlan;Robertson
143;Otto;Cook
144;Damian;Branch
145;Neil;Koch
146;Conan;Fowler
147;Tanner;Fischer
148;Nicholas;Holmes
149;Kenyon;Hancock
150;Ezekiel;Boyer
151;Omar;Donovan
152;Boris;Wilkins
153;Driscoll;Justice
154;Kyle;Romero
155;Carter;Britt
156;Justin;Roth
157;Hamish;Cooper
158;Hammett;Mcleod
159;Moses;Conway
160;Beau;Conley
161;Chandler;Meyer
162;Russell;Salazar
163;Cole;Boyle
164;Quentin;Frost
165;Kenneth;Bowman
166;Cairo;Frank
167;Macaulay;Woodard
168;Colby;Tyson
169;Yuli;Randall
170;Colby;Weeks
171;Fritz;Rutledge
172;Neil;Bradshaw
173;Knox;Sherman
174;Vernon;Kent
175;Cyrus;Bender
176;Zachary;Gilliam
177;August;Cohen
178;Philip;Rowland
179;Colt;Baldwin
180;Dieter;Lowe
181;Zeus;Medina
182;Timothy;Stafford
183;Reese;Peck
184;Coby;Maddox
185;Magee;Cohen
186;Joshua;Weber
187;Plato;Beach
188;Samson;Velasquez
189;Tanner;Yates
190;Abdul;Anthony
191;Alfonso;Lang
192;Hyatt;Doyle
193;Paul;Galloway
194;Phillip;Colon
195;Lane;Mcbride
196;Murphy;Greene
197;Boris;Sullivan
198;Hop;Gamble
199;Isaiah;Brock